S.no,Financial Year,State Name,District Name,Enrolled ,Assessed 
1,2018-19,Andaman and Nicobar,South Andamans,0,0
2,2018-19,Andhra Pradesh,Anantapur,800,800
3,2018-19,Andhra Pradesh,Guntur,815,773
4,2018-19,Andhra Pradesh,Prakasam,807,807
5,2018-19,Andhra Pradesh,Chittoor,740,740
6,2018-19,Andhra Pradesh,Krishna,800,795
7,2018-19,Andhra Pradesh,Visakhapatanam,800,800
8,2018-19,Andhra Pradesh,Vizianagaram,0,0
9,2018-19,Arunachal Pradesh,Papum Pare,156,156
10,2018-19,Assam,Darrang,680,680
11,2018-19,Assam,Dhubri,0,0
12,2018-19,Assam,Jorhat,613,557
13,2018-19,Assam,Kamrup,752,752
14,2018-19,Assam,Nagaon,980,980
15,2018-19,Assam,Cachar,898,840
16,2018-19,Bihar,Araria,0,0
17,2018-19,Bihar,Arwal,823,818
18,2018-19,Bihar,Aurangabad,798,798
19,2018-19,Bihar,Banka,0,0
20,2018-19,Bihar,Begusarai,0,0
21,2018-19,Bihar,Buxar,600,600
22,2018-19,Bihar,Purbi Champaran,820,820
23,2018-19,Bihar,Gaya,650,538
24,2018-19,Bihar,Gopalganj,0,0
25,2018-19,Bihar,Jamui,0,0
26,2018-19,Bihar,Kishanganj,820,820
27,2018-19,Bihar,Madhubani,0,0
28,2018-19,Bihar,Munger,792,786
29,2018-19,Bihar,Muzaffarpur,800,800
30,2018-19,Bihar,Nalanda,410,0
31,2018-19,Bihar,Nawada,0,0
32,2018-19,Bihar,Patna,534,100
33,2018-19,Bihar,Samastipur,920,914
34,2018-19,Bihar,Saran,800,800
35,2018-19,Bihar,Sitamarhi,0,0
36,2018-19,Bihar,Vaishali,800,800
37,2018-19,Bihar,Pashchim Champaran,0,0
38,2018-19,Chandigarh,Chandigarh,718,718
39,2018-19,Chhattisgarh,Bastar,740,740
40,2018-19,Chhattisgarh,Bijapur,0,0
41,2018-19,Chhattisgarh,Bilaspur,800,800
42,2018-19,Chhattisgarh,Dantewada,0,0
43,2018-19,Chhattisgarh,Kanker,0,0
44,2018-19,Chhattisgarh,Kondagaon,0,0
45,2018-19,Chhattisgarh,Korba,800,770
46,2018-19,Chhattisgarh,Korea,720,720
47,2018-19,Chhattisgarh,Mahasamund,0,0
48,2018-19,Chhattisgarh,Narayanpur,0,0
49,2018-19,Chhattisgarh,Raipur,672,672
50,2018-19,Chhattisgarh,Rajnandgaon,380,372
51,2018-19,Chhattisgarh,Sukma,0,0
52,2018-19,Chhattisgarh,Surguja,680,680
53,2018-19,Dadra And Nagar Haveli And Daman And Diu,Dadra And Nagar Haveli,534,534
54,2018-19,Dadra And Nagar Haveli And Daman And Diu,Diu,0,0
55,2018-19,Delhi,North West,859,805
56,2018-19,Delhi,West,858,793
57,2018-19,Delhi,West,801,781
58,2018-19,Goa,South Goa,602,588
59,2018-19,Gujarat,Ahmadabad,0,0
60,2018-19,Gujarat,Banas Kantha,760,760
61,2018-19,Gujarat,Bharuch,800,800
62,2018-19,Gujarat,Gandhinagar,760,760
63,2018-19,Gujarat,Kachchh,824,824
64,2018-19,Gujarat,Mahesana,805,805
65,2018-19,Gujarat,Patan,740,740
66,2018-19,Gujarat,Sabar Kantha,700,700
67,2018-19,Gujarat,Surat,800,800
68,2018-19,Gujarat,Vadodara,938,938
69,2018-19,Gujarat,Valsad,599,578
70,2018-19,Haryana,Gurugram,800,794
71,2018-19,Haryana,Panipat,795,795
72,2018-19,Haryana,Rohtak,745,745
73,2018-19,Haryana,Sirsa,975,890
74,2018-19,Haryana,Sonipat,740,734
75,2018-19,Himachal Pradesh,Bilaspur,0,0
76,2018-19,Himachal Pradesh,Chamba,0,0
77,2018-19,Himachal Pradesh,Hamirpur,0,0
78,2018-19,Himachal Pradesh,Kangra,0,0
79,2018-19,Himachal Pradesh,Kullu,0,0
80,2018-19,Himachal Pradesh,Lahul And Spiti,703,639
81,2018-19,Himachal Pradesh,Mandi,0,0
82,2018-19,Himachal Pradesh,Shimla,0,0
83,2018-19,Himachal Pradesh,Sirmaur,0,0
84,2018-19,Himachal Pradesh,Solan,0,0
85,2018-19,Himachal Pradesh,Una,0,0
86,2018-19,Jammu And Kashmir,Baramulla,0,0
87,2018-19,Jammu And Kashmir,Jammu,791,791
88,2018-19,Jammu And Kashmir,Kupwara,486,148
89,2018-19,Jharkhand,Bokaro,812,793
90,2018-19,Jharkhand,Dumka,0,0
91,2018-19,Jharkhand,Garhwa,0,0
92,2018-19,Jharkhand,Giridih,0,0
93,2018-19,Jharkhand,Gumla,0,0
94,2018-19,Jharkhand,Hazaribagh,835,835
95,2018-19,Jharkhand,Khunti,0,0
96,2018-19,Jharkhand,Latehar,0,0
97,2018-19,Jharkhand,Pakur,0,0
98,2018-19,Jharkhand,Palamu,0,0
99,2018-19,Jharkhand,Ramgarh,0,0
100,2018-19,Jharkhand,Ranchi,822,641
101,2018-19,Jharkhand,Simdega,0,0
102,2018-19,Karnataka,Bagalkote,769,769
103,2018-19,Karnataka,Bengaluru Urban,0,0
104,2018-19,Karnataka,Bidar,0,0
105,2018-19,Karnataka,Chitradurga,0,0
106,2018-19,Karnataka,Davangere,800,800
107,2018-19,Karnataka,Kalaburagi,785,775
108,2018-19,Karnataka,Uttara Kannada,775,775
109,2018-19,Karnataka,Mysuru,755,755
110,2018-19,Karnataka,Raichur,745,745
111,2018-19,Karnataka,Shivamogga,800,800
112,2018-19,Karnataka,Tumakuru,782,782
113,2018-19,Karnataka,Yadgir,0,0
114,2018-19,Kerala,Ernakulam,640,640
115,2018-19,Kerala,Idukki,793,793
116,2018-19,Kerala,Kollam,720,720
117,2018-19,Kerala,Kottayam,810,810
118,2018-19,Kerala,Malappuram,580,579
119,2018-19,Kerala,Palakkad,705,689
120,2018-19,Kerala,Pathanamthitta,670,670
121,2018-19,Kerala,Thiruvananthapuram,735,735
122,2018-19,Kerala,Thrissur,689,689
123,2018-19,Ladakh,Kargil,0,0
124,2018-19,Ladakh,Leh Ladakh,0,0
125,2018-19,Lakshadweep,Lakshadweep District,0,0
126,2018-19,Madhya Pradesh,Bhind,800,800
127,2018-19,Madhya Pradesh,Bhopal,816,791
128,2018-19,Madhya Pradesh,Bhopal,660,658
129,2018-19,Madhya Pradesh,Chhatarpur,700,683
130,2018-19,Madhya Pradesh,Damoh,745,734
131,2018-19,Madhya Pradesh,Datia,667,651
132,2018-19,Madhya Pradesh,Dewas,718,718
133,2018-19,Madhya Pradesh,Dhar,800,20
134,2018-19,Madhya Pradesh,Dindori,680,676
135,2018-19,Madhya Pradesh,Guna,800,786
136,2018-19,Madhya Pradesh,Gwalior,700,699
137,2018-19,Madhya Pradesh,Hoshangabad,0,0
138,2018-19,Madhya Pradesh,Indore,839,835
139,2018-19,Madhya Pradesh,Katni,660,660
140,2018-19,Madhya Pradesh,East Nimar,700,690
141,2018-19,Madhya Pradesh,Mandla,800,796
142,2018-19,Madhya Pradesh,Morena,780,776
143,2018-19,Madhya Pradesh,Narsinghpur,0,0
144,2018-19,Madhya Pradesh,Raisen,800,800
145,2018-19,Madhya Pradesh,Ratlam,800,800
146,2018-19,Madhya Pradesh,Rewa,699,699
147,2018-19,Madhya Pradesh,Sagar,760,760
148,2018-19,Madhya Pradesh,Satna,780,765
149,2018-19,Madhya Pradesh,Sehore,807,802
150,2018-19,Madhya Pradesh,Shajapur,720,720
151,2018-19,Madhya Pradesh,Sheopur,652,645
152,2018-19,Madhya Pradesh,Sidhi,642,640
153,2018-19,Madhya Pradesh,Tikamgarh,760,758
154,2018-19,Madhya Pradesh,Ujjain,780,777
155,2018-19,Madhya Pradesh,Umaria,614,610
156,2018-19,Maharashtra,Ahmednagar,1011,1011
157,2018-19,Maharashtra,Akola,498,471
158,2018-19,Maharashtra,Aurangabad,800,713
159,2018-19,Maharashtra,Beed,718,652
160,2018-19,Maharashtra,Buldhana,709,709
161,2018-19,Maharashtra,Chandrapur,600,0
162,2018-19,Maharashtra,Chandrapur,760,760
163,2018-19,Maharashtra,Mumbai,801,801
164,2018-19,Maharashtra,Dhule,800,795
165,2018-19,Maharashtra,Gadchiroli,0,0
166,2018-19,Maharashtra,Gondia,800,800
167,2018-19,Maharashtra,Jalgaon,645,645
168,2018-19,Maharashtra,Latur,667,667
169,2018-19,Maharashtra,Nandurbar,620,620
170,2018-19,Maharashtra,Nandurbar,614,614
171,2018-19,Maharashtra,Nashik,800,800
172,2018-19,Maharashtra,Pune,1425,1290
173,2018-19,Maharashtra,Raigad,703,703
174,2018-19,Maharashtra,Ratnagiri,0,0
175,2018-19,Maharashtra,Sindhudurg,840,0
176,2018-19,Maharashtra,Washim,800,738
177,2018-19,Maharashtra,Mumbai,640,201
178,2018-19,Maharashtra,Yavatmal,800,703
179,2018-19,Manipur,Chandel,0,0
180,2018-19,Manipur,Imphal West,840,0
181,2018-19,Manipur,Senapati,300,300
182,2018-19,Manipur,Thoubal,797,797
183,2018-19,Meghalaya,East Khasi Hills,0,0
184,2018-19,Mizoram,Mamit,0,0
185,2018-19,Nagaland,Dimapur,660,39
186,2018-19,Nagaland,Kiphire,0,0
187,2018-19,Odisha,Anugul,847,840
188,2018-19,Odisha,Balangir,811,811
189,2018-19,Odisha,Baleshwar,676,676
190,2018-19,Odisha,Bargarh,0,0
191,2018-19,Odisha,Bhadrak,680,680
192,2018-19,Odisha,Khordha,742,739
193,2018-19,Odisha,Boudh,0,0
194,2018-19,Odisha,Cuttack,768,763
195,2018-19,Odisha,Deogarh,760,760
196,2018-19,Odisha,Dhenkanal,772,772
197,2018-19,Odisha,Gajapati,0,0
198,2018-19,Odisha,Ganjam,0,0
199,2018-19,Odisha,Jagatsinghapur,750,739
200,2018-19,Odisha,Jajapur,760,760
201,2018-19,Odisha,Kalahandi,0,0
202,2018-19,Odisha,Kandhamal,0,0
203,2018-19,Odisha,Kendrapara,0,0
204,2018-19,Odisha,Kendujhar,760,760
205,2018-19,Odisha,Koraput,720,720
206,2018-19,Odisha,Malkangiri,0,0
207,2018-19,Odisha,Mayurbhanj,0,0
208,2018-19,Odisha,Nabarangpur,0,0
209,2018-19,Odisha,Nayagarh,0,0
210,2018-19,Odisha,Nuapada,680,680
211,2018-19,Odisha,Puri,789,789
212,2018-19,Odisha,Rayagada,0,0
213,2018-19,Odisha,Sundargarh,722,711
214,2018-19,Odisha,Sambalpur,202,202
215,2018-19,Odisha,Sonepur,801,801
216,2018-19,Punjab,Ludhiana,751,686
217,2018-19,Punjab,S.A.S Nagar,636,636
218,2018-19,Rajasthan,Ajmer,0,0
219,2018-19,Rajasthan,Barmer,0,0
220,2018-19,Rajasthan,Bikaner,818,814
221,2018-19,Rajasthan,Jaipur,801,801
222,2018-19,Rajasthan,Jaisalmer,0,0
223,2018-19,Rajasthan,Jhalawar,802,801
224,2018-19,Rajasthan,Kota,803,767
225,2018-19,Rajasthan,Sikar,778,778
226,2018-19,Tamil Nadu,Coimbatore,0,0
227,2018-19,Tamil Nadu,Kanchipuram,780,560
228,2018-19,Tamil Nadu,Madurai,0,0
229,2018-19,Tamil Nadu,Nagapattinam,691,684
230,2018-19,Tamil Nadu,Namakkal,683,683
231,2018-19,Tamil Nadu,Sivaganga,0,0
232,2018-19,Tamil Nadu,Thiruvarur,620,620
233,2018-19,Tamil Nadu,Tiruchirappalli,820,820
234,2018-19,Tamil Nadu,Virudhunagar,735,735
235,2018-19,Telangana,Adilabad,0,0
236,2018-19,Telangana,Hyderabad,491,491
237,2018-19,Telangana,Khammam,760,760
238,2018-19,Telangana,Mahabubnagar,756,756
239,2018-19,Telangana,Nalgonda,800,40
240,2018-19,Telangana,Ranga Reddy,737,728
241,2018-19,Telangana,Hanumakonda,730,730
242,2018-19,Tripura,West Tripura,646,646
243,2018-19,Tripura,Dhalai,0,0
244,2018-19,Uttar Pradesh,Agra,754,754
245,2018-19,Uttar Pradesh,Aligarh,680,652
246,2018-19,Uttar Pradesh,Prayagraj,723,722
247,2018-19,Uttar Pradesh,Prayagraj,740,740
248,2018-19,Uttar Pradesh,Ambedkar Nagar,690,669
249,2018-19,Uttar Pradesh,Amethi,680,680
250,2018-19,Uttar Pradesh,Azamgarh,600,600
251,2018-19,Uttar Pradesh,Bahraich,800,797
252,2018-19,Uttar Pradesh,Ballia,740,740
253,2018-19,Uttar Pradesh,Banda,780,780
254,2018-19,Uttar Pradesh,Barabanki,756,756
255,2018-19,Uttar Pradesh,Bareilly,796,796
256,2018-19,Uttar Pradesh,Basti,670,649
257,2018-19,Uttar Pradesh,Bhadohi,580,580
258,2018-19,Uttar Pradesh,Chandauli,712,712
259,2018-19,Uttar Pradesh,Chitrakoot,500,483
260,2018-19,Uttar Pradesh,Deoria,790,790
261,2018-19,Uttar Pradesh,Etawah,740,320
262,2018-19,Uttar Pradesh,Ayodhya,637,637
263,2018-19,Uttar Pradesh,Farrukhabad,740,740
264,2018-19,Uttar Pradesh,Fatehpur,0,0
265,2018-19,Uttar Pradesh,Firozabad,635,635
266,2018-19,Uttar Pradesh,Gautam Buddha Nagar,799,799
267,2018-19,Uttar Pradesh,Ghaziabad,790,790
268,2018-19,Uttar Pradesh,Gonda,801,800
269,2018-19,Uttar Pradesh,Gorakhpur,800,800
270,2018-19,Uttar Pradesh,Hardoi,737,737
271,2018-19,Uttar Pradesh,Jalaun,680,680
272,2018-19,Uttar Pradesh,Jaunpur,640,640
273,2018-19,Uttar Pradesh,Amroha,820,787
274,2018-19,Uttar Pradesh,Kanpur Nagar,683,632
275,2018-19,Uttar Pradesh,Kanpur Dehat,782,782
276,2018-19,Uttar Pradesh,Kaushambi,0,0
277,2018-19,Uttar Pradesh,Kheri,0,0
278,2018-19,Uttar Pradesh,Lucknow,740,740
279,2018-19,Uttar Pradesh,Lucknow,729,719
280,2018-19,Uttar Pradesh,Mau,1160,1160
281,2018-19,Uttar Pradesh,Mirzapur,761,743
282,2018-19,Uttar Pradesh,Pilibhit,720,715
283,2018-19,Uttar Pradesh,Pratapgarh,620,606
284,2018-19,Uttar Pradesh,Rae Bareli,678,653
285,2018-19,Uttar Pradesh,Saharanpur,810,810
286,2018-19,Uttar Pradesh,Shahjahanpur,589,589
287,2018-19,Uttar Pradesh,Shravasti,720,720
288,2018-19,Uttar Pradesh,Siddharth Nagar,720,720
289,2018-19,Uttar Pradesh,Sitapur,0,0
290,2018-19,Uttar Pradesh,Sonbhadra,740,740
291,2018-19,Uttar Pradesh,Sultanpur,691,691
292,2018-19,Uttar Pradesh,Unnao,644,643
293,2018-19,Uttar Pradesh,Varanasi,750,734
294,2018-19,Uttar Pradesh,Varanasi,740,740
295,2018-19,Uttarakhand,Almora,791,791
296,2018-19,Uttarakhand,Bageshwar,800,800
297,2018-19,Uttarakhand,Nainital,800,800
298,2018-19,Uttarakhand,Chamoli,800,800
299,2018-19,Uttarakhand,Dehradun,816,812
300,2018-19,Uttarakhand,Pithoragarh,0,0
301,2018-19,Uttarakhand,Tehri Garhwal,800,786
302,2018-19,Uttarakhand,Uttar Kashi,0,0
303,2018-19,West Bengal,Bankura,700,699
304,2018-19,West Bengal,Howrah,700,692
305,2018-19,West Bengal,Jalpaiguri,800,800
306,2018-19,West Bengal,24 Paraganas South,756,756
307,2018-19,West Bengal,24 Paraganas North,646,588
308,2018-19,West Bengal,Medinipur West,697,697
309,2018-19,West Bengal,Medinipur East,750,750
310,2018-19,West Bengal,Purulia,780,780
311,2019-20,Andaman and Nicobar,South Andamans,0,0
312,2019-20,Andhra Pradesh,Anantapur,1818,1818
313,2019-20,Andhra Pradesh,Guntur,1876,1876
314,2019-20,Andhra Pradesh,Prakasam,1806,1792
315,2019-20,Andhra Pradesh,Chittoor,1800,1800
316,2019-20,Andhra Pradesh,Krishna,1800,1800
317,2019-20,Andhra Pradesh,Visakhapatanam,1801,1795
318,2019-20,Andhra Pradesh,Vizianagaram,0,0
319,2019-20,Arunachal Pradesh,Papum Pare,570,479
320,2019-20,Assam,Darrang,1800,1785
321,2019-20,Assam,Dhubri,0,0
322,2019-20,Assam,Jorhat,1800,1777
323,2019-20,Assam,Kamrup,1806,1806
324,2019-20,Assam,Nagaon,1880,1880
325,2019-20,Assam,Cachar,1957,1781
326,2019-20,Bihar,Araria,0,0
327,2019-20,Bihar,Arwal,1771,1768
328,2019-20,Bihar,Aurangabad,1800,1796
329,2019-20,Bihar,Banka,0,0
330,2019-20,Bihar,Begusarai,0,0
331,2019-20,Bihar,Buxar,1658,1642
332,2019-20,Bihar,Purbi Champaran,1802,1798
333,2019-20,Bihar,Gaya,1769,1749
334,2019-20,Bihar,Gopalganj,0,0
335,2019-20,Bihar,Jamui,0,0
336,2019-20,Bihar,Kishanganj,1798,1796
337,2019-20,Bihar,Madhubani,0,0
338,2019-20,Bihar,Munger,1800,1800
339,2019-20,Bihar,Muzaffarpur,1800,1800
340,2019-20,Bihar,Nalanda,1483,160
341,2019-20,Bihar,Nawada,0,0
342,2019-20,Bihar,Patna,1566,1556
343,2019-20,Bihar,Samastipur,1821,1812
344,2019-20,Bihar,Saran,1840,1840
345,2019-20,Bihar,Sitamarhi,0,0
346,2019-20,Bihar,Vaishali,1800,1800
347,2019-20,Bihar,Pashchim Champaran,0,0
348,2019-20,Chandigarh,Chandigarh,1836,1836
349,2019-20,Chhattisgarh,Bastar,1800,1792
350,2019-20,Chhattisgarh,Bijapur,0,0
351,2019-20,Chhattisgarh,Bilaspur,2182,2182
352,2019-20,Chhattisgarh,Dantewada,0,0
353,2019-20,Chhattisgarh,Kanker,0,0
354,2019-20,Chhattisgarh,Kondagaon,0,0
355,2019-20,Chhattisgarh,Korba,2000,1975
356,2019-20,Chhattisgarh,Korea,1816,1816
357,2019-20,Chhattisgarh,Mahasamund,0,0
358,2019-20,Chhattisgarh,Narayanpur,0,0
359,2019-20,Chhattisgarh,Raipur,1827,1826
360,2019-20,Chhattisgarh,Rajnandgaon,1738,1722
361,2019-20,Chhattisgarh,Sukma,0,0
362,2019-20,Chhattisgarh,Surguja,2120,2119
363,2019-20,Dadra And Nagar Haveli And Daman And Diu,Dadra And Nagar Haveli,1558,1474
364,2019-20,Dadra And Nagar Haveli And Daman And Diu,Diu,0,0
365,2019-20,Delhi,North West,1837,1765
366,2019-20,Delhi,West,1850,1819
367,2019-20,Delhi,West,1800,1795
368,2019-20,Goa,South Goa,1741,1741
369,2019-20,Gujarat,Ahmadabad,480,480
370,2019-20,Gujarat,Banas Kantha,1860,1860
371,2019-20,Gujarat,Bharuch,1600,1600
372,2019-20,Gujarat,Gandhinagar,1840,1840
373,2019-20,Gujarat,Kachchh,1800,1800
374,2019-20,Gujarat,Mahesana,1800,1800
375,2019-20,Gujarat,Patan,1800,1800
376,2019-20,Gujarat,Sabar Kantha,1800,1800
377,2019-20,Gujarat,Surat,1900,1900
378,2019-20,Gujarat,Vadodara,1940,1940
379,2019-20,Gujarat,Valsad,1820,1760
380,2019-20,Haryana,Gurugram,1791,1786
381,2019-20,Haryana,Panipat,1784,1768
382,2019-20,Haryana,Rohtak,1820,1820
383,2019-20,Haryana,Sirsa,1814,1571
384,2019-20,Haryana,Sonipat,1793,1791
385,2019-20,Himachal Pradesh,Bilaspur,0,0
386,2019-20,Himachal Pradesh,Chamba,0,0
387,2019-20,Himachal Pradesh,Hamirpur,0,0
388,2019-20,Himachal Pradesh,Kangra,0,0
389,2019-20,Himachal Pradesh,Kullu,0,0
390,2019-20,Himachal Pradesh,Lahul And Spiti,1400,1360
391,2019-20,Himachal Pradesh,Mandi,0,0
392,2019-20,Himachal Pradesh,Shimla,0,0
393,2019-20,Himachal Pradesh,Sirmaur,0,0
394,2019-20,Himachal Pradesh,Solan,0,0
395,2019-20,Himachal Pradesh,Una,0,0
396,2019-20,Jammu And Kashmir,Baramulla,0,0
397,2019-20,Jammu And Kashmir,Jammu,1694,1694
398,2019-20,Jammu And Kashmir,Kupwara,1735,1706
399,2019-20,Jharkhand,Bokaro,1806,1803
400,2019-20,Jharkhand,Dumka,0,0
401,2019-20,Jharkhand,Garhwa,0,0
402,2019-20,Jharkhand,Giridih,0,0
403,2019-20,Jharkhand,Gumla,0,0
404,2019-20,Jharkhand,Hazaribagh,1702,1701
405,2019-20,Jharkhand,Khunti,0,0
406,2019-20,Jharkhand,Latehar,0,0
407,2019-20,Jharkhand,Pakur,0,0
408,2019-20,Jharkhand,Palamu,0,0
409,2019-20,Jharkhand,Ramgarh,0,0
410,2019-20,Jharkhand,Ranchi,1875,1873
411,2019-20,Jharkhand,Simdega,0,0
412,2019-20,Karnataka,Bagalkote,1801,1801
413,2019-20,Karnataka,Bengaluru Urban,1808,1808
414,2019-20,Karnataka,Bidar,0,0
415,2019-20,Karnataka,Chitradurga,0,0
416,2019-20,Karnataka,Davangere,1800,1800
417,2019-20,Karnataka,Kalaburagi,1820,1817
418,2019-20,Karnataka,Uttara Kannada,1800,1799
419,2019-20,Karnataka,Mysuru,1772,1772
420,2019-20,Karnataka,Raichur,1800,1800
421,2019-20,Karnataka,Shivamogga,1800,1800
422,2019-20,Karnataka,Tumakuru,1800,1799
423,2019-20,Karnataka,Yadgir,0,0
424,2019-20,Kerala,Ernakulam,1800,1798
425,2019-20,Kerala,Idukki,1805,1798
426,2019-20,Kerala,Kollam,1807,1789
427,2019-20,Kerala,Kottayam,1800,1800
428,2019-20,Kerala,Malappuram,1800,1800
429,2019-20,Kerala,Palakkad,1800,1796
430,2019-20,Kerala,Pathanamthitta,1800,1800
431,2019-20,Kerala,Thiruvananthapuram,1840,1818
432,2019-20,Kerala,Thrissur,1795,1792
433,2019-20,Ladakh,Kargil,0,0
434,2019-20,Ladakh,Leh Ladakh,0,0
435,2019-20,Lakshadweep,Lakshadweep District,0,0
436,2019-20,Madhya Pradesh,Bhind,1806,1806
437,2019-20,Madhya Pradesh,Bhopal,1799,1778
438,2019-20,Madhya Pradesh,Bhopal,1800,1619
439,2019-20,Madhya Pradesh,Chhatarpur,1800,1793
440,2019-20,Madhya Pradesh,Damoh,1795,1793
441,2019-20,Madhya Pradesh,Datia,1817,1797
442,2019-20,Madhya Pradesh,Dewas,1800,1792
443,2019-20,Madhya Pradesh,Dhar,1720,1718
444,2019-20,Madhya Pradesh,Dindori,1800,1796
445,2019-20,Madhya Pradesh,Guna,1800,1734
446,2019-20,Madhya Pradesh,Gwalior,1795,1791
447,2019-20,Madhya Pradesh,Hoshangabad,0,0
448,2019-20,Madhya Pradesh,Indore,1830,1810
449,2019-20,Madhya Pradesh,Katni,1800,1794
450,2019-20,Madhya Pradesh,East Nimar,1800,1785
451,2019-20,Madhya Pradesh,Mandla,1800,1794
452,2019-20,Madhya Pradesh,Morena,1800,1787
453,2019-20,Madhya Pradesh,Narsinghpur,0,0
454,2019-20,Madhya Pradesh,Raisen,1860,1858
455,2019-20,Madhya Pradesh,Ratlam,1800,1798
456,2019-20,Madhya Pradesh,Rewa,1800,1789
457,2019-20,Madhya Pradesh,Sagar,1800,1800
458,2019-20,Madhya Pradesh,Satna,1800,1786
459,2019-20,Madhya Pradesh,Sehore,1798,1798
460,2019-20,Madhya Pradesh,Shajapur,1820,1812
461,2019-20,Madhya Pradesh,Sheopur,1801,1794
462,2019-20,Madhya Pradesh,Sidhi,1800,1796
463,2019-20,Madhya Pradesh,Tikamgarh,1801,1800
464,2019-20,Madhya Pradesh,Ujjain,1800,1789
465,2019-20,Madhya Pradesh,Umaria,1807,1796
466,2019-20,Maharashtra,Ahmednagar,1795,1795
467,2019-20,Maharashtra,Akola,1810,1629
468,2019-20,Maharashtra,Aurangabad,1880,1845
469,2019-20,Maharashtra,Beed,1792,1781
470,2019-20,Maharashtra,Buldhana,1744,1744
471,2019-20,Maharashtra,Chandrapur,1800,1800
472,2019-20,Maharashtra,Chandrapur,1800,1800
473,2019-20,Maharashtra,Mumbai,1801,1798
474,2019-20,Maharashtra,Dhule,1838,1838
475,2019-20,Maharashtra,Gadchiroli,0,0
476,2019-20,Maharashtra,Gondia,1800,1800
477,2019-20,Maharashtra,Jalgaon,2059,1879
478,2019-20,Maharashtra,Latur,1839,1838
479,2019-20,Maharashtra,Nandurbar,1800,1800
480,2019-20,Maharashtra,Nandurbar,1755,1568
481,2019-20,Maharashtra,Nashik,1847,1847
482,2019-20,Maharashtra,Pune,1745,1745
483,2019-20,Maharashtra,Raigad,1880,1880
484,2019-20,Maharashtra,Ratnagiri,0,0
485,2019-20,Maharashtra,Sindhudurg,1781,1779
486,2019-20,Maharashtra,Washim,1683,1682
487,2019-20,Maharashtra,Mumbai,1754,1754
488,2019-20,Maharashtra,Yavatmal,1820,1819
489,2019-20,Manipur,Chandel,0,0
490,2019-20,Manipur,Imphal West,1792,599
491,2019-20,Manipur,Senapati,1799,1799
492,2019-20,Manipur,Thoubal,1796,1796
493,2019-20,Meghalaya,East Khasi Hills,0,0
494,2019-20,Mizoram,Mamit,0,0
495,2019-20,Nagaland,Dimapur,1800,940
496,2019-20,Nagaland,Kiphire,0,0
497,2019-20,Odisha,Anugul,1799,1796
498,2019-20,Odisha,Balangir,1806,1803
499,2019-20,Odisha,Baleshwar,1801,1801
500,2019-20,Odisha,Bargarh,0,0
501,2019-20,Odisha,Bhadrak,1800,1800
502,2019-20,Odisha,Khordha,1795,1795
503,2019-20,Odisha,Boudh,0,0
504,2019-20,Odisha,Cuttack,1801,1795
505,2019-20,Odisha,Deogarh,1800,1800
506,2019-20,Odisha,Dhenkanal,1800,1771
507,2019-20,Odisha,Gajapati,0,0
508,2019-20,Odisha,Ganjam,0,0
509,2019-20,Odisha,Jagatsinghapur,1814,1808
510,2019-20,Odisha,Jajapur,1800,1800
511,2019-20,Odisha,Kalahandi,0,0
512,2019-20,Odisha,Kandhamal,0,0
513,2019-20,Odisha,Kendrapara,0,0
514,2019-20,Odisha,Kendujhar,1860,1860
515,2019-20,Odisha,Koraput,1800,1790
516,2019-20,Odisha,Malkangiri,0,0
517,2019-20,Odisha,Mayurbhanj,0,0
518,2019-20,Odisha,Nabarangpur,0,0
519,2019-20,Odisha,Nayagarh,0,0
520,2019-20,Odisha,Nuapada,1800,1800
521,2019-20,Odisha,Puri,1800,1800
522,2019-20,Odisha,Rayagada,0,0
523,2019-20,Odisha,Sundargarh,1801,1667
524,2019-20,Odisha,Sambalpur,1800,1799
525,2019-20,Odisha,Sonepur,1800,1789
526,2019-20,Punjab,Ludhiana,1693,1667
527,2019-20,Punjab,S.A.S Nagar,1741,1741
528,2019-20,Rajasthan,Ajmer,0,0
529,2019-20,Rajasthan,Barmer,0,0
530,2019-20,Rajasthan,Bikaner,1849,1805
531,2019-20,Rajasthan,Jaipur,1802,1802
532,2019-20,Rajasthan,Jaisalmer,0,0
533,2019-20,Rajasthan,Jhalawar,1800,1797
534,2019-20,Rajasthan,Kota,1818,1760
535,2019-20,Rajasthan,Sikar,1800,1794
536,2019-20,Tamil Nadu,Coimbatore,0,0
537,2019-20,Tamil Nadu,Kanchipuram,1838,1789
538,2019-20,Tamil Nadu,Madurai,1600,1599
539,2019-20,Tamil Nadu,Nagapattinam,1761,1759
540,2019-20,Tamil Nadu,Namakkal,1800,1779
541,2019-20,Tamil Nadu,Sivaganga,1804,1803
542,2019-20,Tamil Nadu,Thiruvarur,1800,1800
543,2019-20,Tamil Nadu,Tiruchirappalli,1819,1819
544,2019-20,Tamil Nadu,Virudhunagar,1822,1796
545,2019-20,Telangana,Adilabad,1815,1795
546,2019-20,Telangana,Hyderabad,1696,1696
547,2019-20,Telangana,Khammam,1820,1820
548,2019-20,Telangana,Mahabubnagar,1727,1727
549,2019-20,Telangana,Nalgonda,1797,1797
550,2019-20,Telangana,Ranga Reddy,1795,1794
551,2019-20,Telangana,Hanumakonda,1802,1801
552,2019-20,Tripura,West Tripura,1631,1631
553,2019-20,Tripura,Dhalai,0,0
554,2019-20,Uttar Pradesh,Agra,1938,1938
555,2019-20,Uttar Pradesh,Aligarh,1800,1775
556,2019-20,Uttar Pradesh,Prayagraj,1797,1787
557,2019-20,Uttar Pradesh,Prayagraj,1800,1800
558,2019-20,Uttar Pradesh,Ambedkar Nagar,1800,1797
559,2019-20,Uttar Pradesh,Amethi,1800,1800
560,2019-20,Uttar Pradesh,Azamgarh,1840,1840
561,2019-20,Uttar Pradesh,Bahraich,1800,1792
562,2019-20,Uttar Pradesh,Ballia,1800,1800
563,2019-20,Uttar Pradesh,Banda,1800,1800
564,2019-20,Uttar Pradesh,Barabanki,1799,1799
565,2019-20,Uttar Pradesh,Bareilly,1824,1824
566,2019-20,Uttar Pradesh,Basti,1801,1800
567,2019-20,Uttar Pradesh,Bhadohi,1799,1799
568,2019-20,Uttar Pradesh,Chandauli,1800,1774
569,2019-20,Uttar Pradesh,Chitrakoot,1801,1777
570,2019-20,Uttar Pradesh,Deoria,1800,1800
571,2019-20,Uttar Pradesh,Etawah,1800,1800
572,2019-20,Uttar Pradesh,Ayodhya,1793,1791
573,2019-20,Uttar Pradesh,Farrukhabad,1799,1797
574,2019-20,Uttar Pradesh,Fatehpur,0,0
575,2019-20,Uttar Pradesh,Firozabad,1800,1799
576,2019-20,Uttar Pradesh,Gautam Buddha Nagar,1800,1800
577,2019-20,Uttar Pradesh,Ghaziabad,1800,1787
578,2019-20,Uttar Pradesh,Gonda,1788,1787
579,2019-20,Uttar Pradesh,Gorakhpur,1800,1800
580,2019-20,Uttar Pradesh,Hardoi,1800,1800
581,2019-20,Uttar Pradesh,Jalaun,1800,1795
582,2019-20,Uttar Pradesh,Jaunpur,1800,1796
583,2019-20,Uttar Pradesh,Amroha,1800,1660
584,2019-20,Uttar Pradesh,Kanpur Nagar,1844,1805
585,2019-20,Uttar Pradesh,Kanpur Dehat,1800,1800
586,2019-20,Uttar Pradesh,Kaushambi,0,0
587,2019-20,Uttar Pradesh,Kheri,0,0
588,2019-20,Uttar Pradesh,Lucknow,1801,1801
589,2019-20,Uttar Pradesh,Lucknow,1800,1773
590,2019-20,Uttar Pradesh,Mau,1795,1795
591,2019-20,Uttar Pradesh,Mirzapur,1920,1904
592,2019-20,Uttar Pradesh,Pilibhit,1800,1775
593,2019-20,Uttar Pradesh,Pratapgarh,1780,1778
594,2019-20,Uttar Pradesh,Rae Bareli,1785,1785
595,2019-20,Uttar Pradesh,Saharanpur,1828,1828
596,2019-20,Uttar Pradesh,Shahjahanpur,1807,1782
597,2019-20,Uttar Pradesh,Shravasti,1800,1800
598,2019-20,Uttar Pradesh,Siddharth Nagar,1800,1800
599,2019-20,Uttar Pradesh,Sitapur,486,483
600,2019-20,Uttar Pradesh,Sonbhadra,1800,1800
601,2019-20,Uttar Pradesh,Sultanpur,1800,1800
602,2019-20,Uttar Pradesh,Unnao,1801,1785
603,2019-20,Uttar Pradesh,Varanasi,1810,1792
604,2019-20,Uttar Pradesh,Varanasi,1800,1787
605,2019-20,Uttarakhand,Almora,1718,1717
606,2019-20,Uttarakhand,Bageshwar,1800,1800
607,2019-20,Uttarakhand,Nainital,1800,1800
608,2019-20,Uttarakhand,Chamoli,1720,1718
609,2019-20,Uttarakhand,Dehradun,1938,1937
610,2019-20,Uttarakhand,Pithoragarh,0,0
611,2019-20,Uttarakhand,Tehri Garhwal,1800,1798
612,2019-20,Uttarakhand,Uttar Kashi,0,0
613,2019-20,West Bengal,Bankura,1747,1746
614,2019-20,West Bengal,Howrah,1793,1784
615,2019-20,West Bengal,Jalpaiguri,1784,1784
616,2019-20,West Bengal,24 Paraganas South,1567,1535
617,2019-20,West Bengal,24 Paraganas North,1840,1800
618,2019-20,West Bengal,Medinipur West,1794,1794
619,2019-20,West Bengal,Medinipur East,1800,1771
620,2019-20,West Bengal,Purulia,1800,1797
621,2020-21,Andaman and Nicobar,South Andamans,0,0
622,2020-21,Andhra Pradesh,Anantapur,1580,1580
623,2020-21,Andhra Pradesh,Guntur,1000,997
624,2020-21,Andhra Pradesh,Prakasam,1440,1418
625,2020-21,Andhra Pradesh,Chittoor,1440,1440
626,2020-21,Andhra Pradesh,Krishna,1320,1320
627,2020-21,Andhra Pradesh,Visakhapatanam,1800,1800
628,2020-21,Andhra Pradesh,Vizianagaram,0,0
629,2020-21,Arunachal Pradesh,Papum Pare,0,0
630,2020-21,Assam,Darrang,1780,1780
631,2020-21,Assam,Dhubri,0,0
632,2020-21,Assam,Jorhat,1760,1756
633,2020-21,Assam,Kamrup,1800,1800
634,2020-21,Assam,Nagaon,1800,1800
635,2020-21,Assam,Cachar,1743,1743
636,2020-21,Bihar,Araria,0,0
637,2020-21,Bihar,Arwal,1059,1059
638,2020-21,Bihar,Aurangabad,1320,1320
639,2020-21,Bihar,Banka,0,0
640,2020-21,Bihar,Begusarai,0,0
641,2020-21,Bihar,Buxar,1800,1800
642,2020-21,Bihar,Purbi Champaran,1800,1800
643,2020-21,Bihar,Gaya,995,995
644,2020-21,Bihar,Gopalganj,0,0
645,2020-21,Bihar,Jamui,0,0
646,2020-21,Bihar,Kishanganj,1800,1800
647,2020-21,Bihar,Madhubani,0,0
648,2020-21,Bihar,Munger,0,0
649,2020-21,Bihar,Muzaffarpur,1800,1800
650,2020-21,Bihar,Nalanda,0,0
651,2020-21,Bihar,Nawada,0,0
652,2020-21,Bihar,Patna,1260,1254
653,2020-21,Bihar,Samastipur,1800,1792
654,2020-21,Bihar,Saran,1320,1320
655,2020-21,Bihar,Sitamarhi,0,0
656,2020-21,Bihar,Vaishali,1360,1360
657,2020-21,Bihar,Pashchim Champaran,0,0
658,2020-21,Chandigarh,Chandigarh,1120,1120
659,2020-21,Chhattisgarh,Bastar,1800,1800
660,2020-21,Chhattisgarh,Bijapur,0,0
661,2020-21,Chhattisgarh,Bilaspur,0,0
662,2020-21,Chhattisgarh,Dantewada,0,0
663,2020-21,Chhattisgarh,Kanker,0,0
664,2020-21,Chhattisgarh,Kondagaon,0,0
665,2020-21,Chhattisgarh,Korba,1800,1800
666,2020-21,Chhattisgarh,Korea,1700,1700
667,2020-21,Chhattisgarh,Mahasamund,0,0
668,2020-21,Chhattisgarh,Narayanpur,0,0
669,2020-21,Chhattisgarh,Raipur,1800,1800
670,2020-21,Chhattisgarh,Rajnandgaon,1580,1579
671,2020-21,Chhattisgarh,Sukma,0,0
672,2020-21,Chhattisgarh,Surguja,1800,1800
673,2020-21,Dadra And Nagar Haveli And Daman And Diu,Dadra And Nagar Haveli,897,897
674,2020-21,Dadra And Nagar Haveli And Daman And Diu,Diu,0,0
675,2020-21,Delhi,North West,1500,1498
676,2020-21,Delhi,West,1640,1640
677,2020-21,Delhi,West,1800,1800
678,2020-21,Goa,South Goa,1664,1664
679,2020-21,Gujarat,Ahmadabad,680,680
680,2020-21,Gujarat,Banas Kantha,1400,1400
681,2020-21,Gujarat,Bharuch,1460,1460
682,2020-21,Gujarat,Gandhinagar,1720,1720
683,2020-21,Gujarat,Kachchh,1760,1760
684,2020-21,Gujarat,Mahesana,1620,1620
685,2020-21,Gujarat,Patan,1780,1780
686,2020-21,Gujarat,Sabar Kantha,1600,1600
687,2020-21,Gujarat,Surat,1740,1740
688,2020-21,Gujarat,Vadodara,1700,1700
689,2020-21,Gujarat,Valsad,1380,1380
690,2020-21,Haryana,Gurugram,1804,1798
691,2020-21,Haryana,Panipat,1784,1784
692,2020-21,Haryana,Rohtak,1800,1797
693,2020-21,Haryana,Sirsa,1540,1203
694,2020-21,Haryana,Sonipat,1777,1771
695,2020-21,Himachal Pradesh,Bilaspur,0,0
696,2020-21,Himachal Pradesh,Chamba,0,0
697,2020-21,Himachal Pradesh,Hamirpur,0,0
698,2020-21,Himachal Pradesh,Kangra,0,0
699,2020-21,Himachal Pradesh,Kullu,0,0
700,2020-21,Himachal Pradesh,Lahul And Spiti,1504,1491
701,2020-21,Himachal Pradesh,Mandi,0,0
702,2020-21,Himachal Pradesh,Shimla,0,0
703,2020-21,Himachal Pradesh,Sirmaur,0,0
704,2020-21,Himachal Pradesh,Solan,0,0
705,2020-21,Himachal Pradesh,Una,0,0
706,2020-21,Jammu And Kashmir,Baramulla,0,0
707,2020-21,Jammu And Kashmir,Jammu,1779,1779
708,2020-21,Jammu And Kashmir,Kupwara,1775,1695
709,2020-21,Jharkhand,Bokaro,1800,1800
710,2020-21,Jharkhand,Dumka,0,0
711,2020-21,Jharkhand,Garhwa,0,0
712,2020-21,Jharkhand,Giridih,0,0
713,2020-21,Jharkhand,Gumla,0,0
714,2020-21,Jharkhand,Hazaribagh,1684,1684
715,2020-21,Jharkhand,Khunti,0,0
716,2020-21,Jharkhand,Latehar,0,0
717,2020-21,Jharkhand,Pakur,0,0
718,2020-21,Jharkhand,Palamu,0,0
719,2020-21,Jharkhand,Ramgarh,0,0
720,2020-21,Jharkhand,Ranchi,940,935
721,2020-21,Jharkhand,Simdega,0,0
722,2020-21,Karnataka,Bagalkote,1600,1600
723,2020-21,Karnataka,Bengaluru Urban,1580,1580
724,2020-21,Karnataka,Bidar,0,0
725,2020-21,Karnataka,Chitradurga,0,0
726,2020-21,Karnataka,Davangere,1800,1800
727,2020-21,Karnataka,Kalaburagi,1800,1798
728,2020-21,Karnataka,Uttara Kannada,1788,1784
729,2020-21,Karnataka,Mysuru,1557,1554
730,2020-21,Karnataka,Raichur,1800,1789
731,2020-21,Karnataka,Shivamogga,1800,1800
732,2020-21,Karnataka,Tumakuru,1800,1800
733,2020-21,Karnataka,Yadgir,0,0
734,2020-21,Kerala,Ernakulam,1800,1800
735,2020-21,Kerala,Idukki,1300,1300
736,2020-21,Kerala,Kollam,1800,1800
737,2020-21,Kerala,Kottayam,1300,1300
738,2020-21,Kerala,Malappuram,1800,1800
739,2020-21,Kerala,Palakkad,1300,1300
740,2020-21,Kerala,Pathanamthitta,1780,1780
741,2020-21,Kerala,Thiruvananthapuram,1460,1458
742,2020-21,Kerala,Thrissur,1360,1360
743,2020-21,Ladakh,Kargil,0,0
744,2020-21,Ladakh,Leh Ladakh,0,0
745,2020-21,Lakshadweep,Lakshadweep District,0,0
746,2020-21,Madhya Pradesh,Bhind,1600,1600
747,2020-21,Madhya Pradesh,Bhopal,1800,1800
748,2020-21,Madhya Pradesh,Bhopal,0,0
749,2020-21,Madhya Pradesh,Chhatarpur,1660,1658
750,2020-21,Madhya Pradesh,Damoh,1620,1620
751,2020-21,Madhya Pradesh,Datia,1800,1745
752,2020-21,Madhya Pradesh,Dewas,1800,1792
753,2020-21,Madhya Pradesh,Dhar,500,494
754,2020-21,Madhya Pradesh,Dindori,1720,1720
755,2020-21,Madhya Pradesh,Guna,1476,1467
756,2020-21,Madhya Pradesh,Gwalior,1600,1596
757,2020-21,Madhya Pradesh,Hoshangabad,0,0
758,2020-21,Madhya Pradesh,Indore,1765,1760
759,2020-21,Madhya Pradesh,Katni,1800,1793
760,2020-21,Madhya Pradesh,East Nimar,1800,1800
761,2020-21,Madhya Pradesh,Mandla,1800,1794
762,2020-21,Madhya Pradesh,Morena,1800,1790
763,2020-21,Madhya Pradesh,Narsinghpur,0,0
764,2020-21,Madhya Pradesh,Raisen,1800,1800
765,2020-21,Madhya Pradesh,Ratlam,1420,1420
766,2020-21,Madhya Pradesh,Rewa,1800,1800
767,2020-21,Madhya Pradesh,Sagar,1800,1800
768,2020-21,Madhya Pradesh,Satna,1800,1795
769,2020-21,Madhya Pradesh,Sehore,1800,1797
770,2020-21,Madhya Pradesh,Shajapur,1660,1652
771,2020-21,Madhya Pradesh,Sheopur,1800,1796
772,2020-21,Madhya Pradesh,Sidhi,1800,1793
773,2020-21,Madhya Pradesh,Tikamgarh,1680,1680
774,2020-21,Madhya Pradesh,Ujjain,1800,1794
775,2020-21,Madhya Pradesh,Umaria,1800,1792
776,2020-21,Maharashtra,Ahmednagar,1400,1400
777,2020-21,Maharashtra,Akola,1666,1666
778,2020-21,Maharashtra,Aurangabad,1658,1650
779,2020-21,Maharashtra,Beed,1800,1800
780,2020-21,Maharashtra,Buldhana,1520,1519
781,2020-21,Maharashtra,Chandrapur,1800,1797
782,2020-21,Maharashtra,Chandrapur,1800,1800
783,2020-21,Maharashtra,Mumbai,1760,1760
784,2020-21,Maharashtra,Dhule,1800,1800
785,2020-21,Maharashtra,Gadchiroli,0,0
786,2020-21,Maharashtra,Gondia,1800,1800
787,2020-21,Maharashtra,Jalgaon,1800,1800
788,2020-21,Maharashtra,Latur,1600,1600
789,2020-21,Maharashtra,Nandurbar,1580,1580
790,2020-21,Maharashtra,Nandurbar,1034,992
791,2020-21,Maharashtra,Nashik,1800,1800
792,2020-21,Maharashtra,Pune,1605,1605
793,2020-21,Maharashtra,Raigad,1800,1800
794,2020-21,Maharashtra,Ratnagiri,0,0
795,2020-21,Maharashtra,Sindhudurg,1800,1800
796,2020-21,Maharashtra,Washim,1759,1524
797,2020-21,Maharashtra,Mumbai,1520,1520
798,2020-21,Maharashtra,Yavatmal,1800,1620
799,2020-21,Manipur,Chandel,0,0
800,2020-21,Manipur,Imphal West,1800,1800
801,2020-21,Manipur,Senapati,1740,1740
802,2020-21,Manipur,Thoubal,1787,1776
803,2020-21,Meghalaya,East Khasi Hills,0,0
804,2020-21,Mizoram,Mamit,0,0
805,2020-21,Nagaland,Dimapur,1800,1757
806,2020-21,Nagaland,Kiphire,0,0
807,2020-21,Odisha,Anugul,1720,1720
808,2020-21,Odisha,Balangir,1420,1416
809,2020-21,Odisha,Baleshwar,1700,1700
810,2020-21,Odisha,Bargarh,0,0
811,2020-21,Odisha,Bhadrak,1800,1800
812,2020-21,Odisha,Khordha,1800,1800
813,2020-21,Odisha,Boudh,0,0
814,2020-21,Odisha,Cuttack,1460,1460
815,2020-21,Odisha,Deogarh,1400,1400
816,2020-21,Odisha,Dhenkanal,1400,1381
817,2020-21,Odisha,Gajapati,0,0
818,2020-21,Odisha,Ganjam,0,0
819,2020-21,Odisha,Jagatsinghapur,1400,1400
820,2020-21,Odisha,Jajapur,1340,1340
821,2020-21,Odisha,Kalahandi,0,0
822,2020-21,Odisha,Kandhamal,0,0
823,2020-21,Odisha,Kendrapara,0,0
824,2020-21,Odisha,Kendujhar,1800,1800
825,2020-21,Odisha,Koraput,1800,1800
826,2020-21,Odisha,Malkangiri,0,0
827,2020-21,Odisha,Mayurbhanj,0,0
828,2020-21,Odisha,Nabarangpur,0,0
829,2020-21,Odisha,Nayagarh,0,0
830,2020-21,Odisha,Nuapada,1800,1800
831,2020-21,Odisha,Puri,1800,1800
832,2020-21,Odisha,Rayagada,0,0
833,2020-21,Odisha,Sundargarh,1380,1325
834,2020-21,Odisha,Sambalpur,0,0
835,2020-21,Odisha,Sonepur,1800,1800
836,2020-21,Punjab,Ludhiana,807,807
837,2020-21,Punjab,S.A.S Nagar,800,800
838,2020-21,Rajasthan,Ajmer,833,788
839,2020-21,Rajasthan,Barmer,0,0
840,2020-21,Rajasthan,Bikaner,1780,1766
841,2020-21,Rajasthan,Jaipur,1680,1678
842,2020-21,Rajasthan,Jaisalmer,0,0
843,2020-21,Rajasthan,Jhalawar,1740,1740
844,2020-21,Rajasthan,Kota,1660,1639
845,2020-21,Rajasthan,Sikar,1800,1799
846,2020-21,Tamil Nadu,Coimbatore,0,0
847,2020-21,Tamil Nadu,Kanchipuram,1372,1372
848,2020-21,Tamil Nadu,Madurai,1140,1140
849,2020-21,Tamil Nadu,Nagapattinam,1800,1800
850,2020-21,Tamil Nadu,Namakkal,1800,1800
851,2020-21,Tamil Nadu,Sivaganga,1575,1575
852,2020-21,Tamil Nadu,Thiruvarur,1800,1800
853,2020-21,Tamil Nadu,Tiruchirappalli,1400,1400
854,2020-21,Tamil Nadu,Virudhunagar,840,840
855,2020-21,Telangana,Adilabad,1660,1658
856,2020-21,Telangana,Hyderabad,700,700
857,2020-21,Telangana,Khammam,1820,1820
858,2020-21,Telangana,Mahabubnagar,1520,1520
859,2020-21,Telangana,Nalgonda,0,0
860,2020-21,Telangana,Ranga Reddy,997,997
861,2020-21,Telangana,Hanumakonda,1800,1800
862,2020-21,Tripura,West Tripura,1101,1100
863,2020-21,Tripura,Dhalai,0,0
864,2020-21,Uttar Pradesh,Agra,1800,1799
865,2020-21,Uttar Pradesh,Aligarh,1800,1779
866,2020-21,Uttar Pradesh,Prayagraj,1760,1758
867,2020-21,Uttar Pradesh,Prayagraj,1800,1800
868,2020-21,Uttar Pradesh,Ambedkar Nagar,1800,1799
869,2020-21,Uttar Pradesh,Amethi,1440,1440
870,2020-21,Uttar Pradesh,Azamgarh,1800,1800
871,2020-21,Uttar Pradesh,Bahraich,1700,1695
872,2020-21,Uttar Pradesh,Ballia,1760,1760
873,2020-21,Uttar Pradesh,Banda,1800,1800
874,2020-21,Uttar Pradesh,Barabanki,1800,1800
875,2020-21,Uttar Pradesh,Bareilly,1775,1775
876,2020-21,Uttar Pradesh,Basti,1800,1800
877,2020-21,Uttar Pradesh,Bhadohi,1800,1800
878,2020-21,Uttar Pradesh,Chandauli,1800,1789
879,2020-21,Uttar Pradesh,Chitrakoot,1800,1798
880,2020-21,Uttar Pradesh,Deoria,1800,1800
881,2020-21,Uttar Pradesh,Etawah,1800,1800
882,2020-21,Uttar Pradesh,Ayodhya,1417,1417
883,2020-21,Uttar Pradesh,Farrukhabad,1500,1500
884,2020-21,Uttar Pradesh,Fatehpur,460,460
885,2020-21,Uttar Pradesh,Firozabad,1800,1800
886,2020-21,Uttar Pradesh,Gautam Buddha Nagar,1480,1480
887,2020-21,Uttar Pradesh,Ghaziabad,0,0
888,2020-21,Uttar Pradesh,Gonda,1656,1656
889,2020-21,Uttar Pradesh,Gorakhpur,1680,1680
890,2020-21,Uttar Pradesh,Hardoi,1460,1460
891,2020-21,Uttar Pradesh,Jalaun,1500,1500
892,2020-21,Uttar Pradesh,Jaunpur,1800,1800
893,2020-21,Uttar Pradesh,Amroha,0,0
894,2020-21,Uttar Pradesh,Kanpur Nagar,1430,1428
895,2020-21,Uttar Pradesh,Kanpur Dehat,1800,1800
896,2020-21,Uttar Pradesh,Kaushambi,460,460
897,2020-21,Uttar Pradesh,Kheri,0,0
898,2020-21,Uttar Pradesh,Lucknow,1700,1699
899,2020-21,Uttar Pradesh,Lucknow,1700,1698
900,2020-21,Uttar Pradesh,Mau,1798,1798
901,2020-21,Uttar Pradesh,Mirzapur,1600,1588
902,2020-21,Uttar Pradesh,Pilibhit,1800,1778
903,2020-21,Uttar Pradesh,Pratapgarh,1800,1800
904,2020-21,Uttar Pradesh,Rae Bareli,1799,1799
905,2020-21,Uttar Pradesh,Saharanpur,1800,1800
906,2020-21,Uttar Pradesh,Shahjahanpur,1000,1000
907,2020-21,Uttar Pradesh,Shravasti,1800,1800
908,2020-21,Uttar Pradesh,Siddharth Nagar,1440,1440
909,2020-21,Uttar Pradesh,Sitapur,0,0
910,2020-21,Uttar Pradesh,Sonbhadra,1800,1800
911,2020-21,Uttar Pradesh,Sultanpur,1660,1660
912,2020-21,Uttar Pradesh,Unnao,1800,1800
913,2020-21,Uttar Pradesh,Varanasi,1800,1791
914,2020-21,Uttar Pradesh,Varanasi,1760,1760
915,2020-21,Uttarakhand,Almora,1320,1320
916,2020-21,Uttarakhand,Bageshwar,1400,1400
917,2020-21,Uttarakhand,Nainital,1280,1280
918,2020-21,Uttarakhand,Chamoli,1800,1800
919,2020-21,Uttarakhand,Dehradun,1580,1580
920,2020-21,Uttarakhand,Pithoragarh,0,0
921,2020-21,Uttarakhand,Tehri Garhwal,1420,1420
922,2020-21,Uttarakhand,Uttar Kashi,0,0
923,2020-21,West Bengal,Bankura,1297,1297
924,2020-21,West Bengal,Howrah,1378,1378
925,2020-21,West Bengal,Jalpaiguri,1574,1554
926,2020-21,West Bengal,24 Paraganas South,974,962
927,2020-21,West Bengal,24 Paraganas North,1240,1221
928,2020-21,West Bengal,Medinipur West,1133,1133
929,2020-21,West Bengal,Medinipur East,1340,1340
930,2020-21,West Bengal,Purulia,1420,1420
931,2021-22,Andaman and Nicobar,South Andamans,900,860
932,2021-22,Andhra Pradesh,Anantapur,1800,1800
933,2021-22,Andhra Pradesh,Guntur,1800,1800
934,2021-22,Andhra Pradesh,Prakasam,1800,1773
935,2021-22,Andhra Pradesh,Chittoor,1800,1780
936,2021-22,Andhra Pradesh,Krishna,1799,1799
937,2021-22,Andhra Pradesh,Visakhapatanam,1800,1800
938,2021-22,Andhra Pradesh,Vizianagaram,900,880
939,2021-22,Arunachal Pradesh,Papum Pare,0,0
940,2021-22,Assam,Darrang,1800,1799
941,2021-22,Assam,Dhubri,865,0
942,2021-22,Assam,Jorhat,1800,1798
943,2021-22,Assam,Kamrup,1800,1800
944,2021-22,Assam,Nagaon,1799,1799
945,2021-22,Assam,Cachar,1800,1800
946,2021-22,Bihar,Araria,900,900
947,2021-22,Bihar,Arwal,1791,1789
948,2021-22,Bihar,Aurangabad,1800,1800
949,2021-22,Bihar,Banka,900,480
950,2021-22,Bihar,Begusarai,844,0
951,2021-22,Bihar,Buxar,1800,1800
952,2021-22,Bihar,Purbi Champaran,1800,1800
953,2021-22,Bihar,Gaya,1794,1794
954,2021-22,Bihar,Gopalganj,900,900
955,2021-22,Bihar,Jamui,900,880
956,2021-22,Bihar,Kishanganj,1800,1800
957,2021-22,Bihar,Madhubani,900,900
958,2021-22,Bihar,Munger,0,0
959,2021-22,Bihar,Muzaffarpur,1800,1800
960,2021-22,Bihar,Nalanda,1462,498
961,2021-22,Bihar,Nawada,895,895
962,2021-22,Bihar,Patna,1770,1770
963,2021-22,Bihar,Samastipur,1797,1791
964,2021-22,Bihar,Saran,1794,1794
965,2021-22,Bihar,Sitamarhi,900,899
966,2021-22,Bihar,Vaishali,1800,1800
967,2021-22,Bihar,Pashchim Champaran,900,900
968,2021-22,Chandigarh,Chandigarh,1600,1600
969,2021-22,Chhattisgarh,Bastar,1794,1794
970,2021-22,Chhattisgarh,Bijapur,878,60
971,2021-22,Chhattisgarh,Bilaspur,1775,1775
972,2021-22,Chhattisgarh,Dantewada,880,723
973,2021-22,Chhattisgarh,Kanker,900,759
974,2021-22,Chhattisgarh,Kondagaon,900,900
975,2021-22,Chhattisgarh,Korba,1800,1794
976,2021-22,Chhattisgarh,Korea,1800,1800
977,2021-22,Chhattisgarh,Mahasamund,900,894
978,2021-22,Chhattisgarh,Narayanpur,900,200
979,2021-22,Chhattisgarh,Raipur,1800,1799
980,2021-22,Chhattisgarh,Rajnandgaon,1800,1799
981,2021-22,Chhattisgarh,Sukma,591,180
982,2021-22,Chhattisgarh,Surguja,1800,1799
983,2021-22,Dadra And Nagar Haveli And Daman And Diu,Dadra And Nagar Haveli,1559,1559
984,2021-22,Dadra And Nagar Haveli And Daman And Diu,Diu,900,540
985,2021-22,Delhi,North West,1840,1816
986,2021-22,Delhi,West,1800,1800
987,2021-22,Delhi,West,1800,1797
988,2021-22,Goa,South Goa,1740,1740
989,2021-22,Gujarat,Ahmadabad,1560,1560
990,2021-22,Gujarat,Banas Kantha,1549,1549
991,2021-22,Gujarat,Bharuch,1800,1760
992,2021-22,Gujarat,Gandhinagar,1800,1800
993,2021-22,Gujarat,Kachchh,1800,1800
994,2021-22,Gujarat,Mahesana,1800,1800
995,2021-22,Gujarat,Patan,1800,1380
996,2021-22,Gujarat,Sabar Kantha,1799,1799
997,2021-22,Gujarat,Surat,1800,1800
998,2021-22,Gujarat,Vadodara,1720,1720
999,2021-22,Gujarat,Valsad,1800,1780
1000,2021-22,Haryana,Gurugram,1797,1797
1001,2021-22,Haryana,Panipat,1792,1792
1002,2021-22,Haryana,Rohtak,1952,1952
1003,2021-22,Haryana,Sirsa,1600,1424
1004,2021-22,Haryana,Sonipat,1798,1797
1005,2021-22,Himachal Pradesh,Bilaspur,900,900
1006,2021-22,Himachal Pradesh,Chamba,200,100
1007,2021-22,Himachal Pradesh,Hamirpur,900,560
1008,2021-22,Himachal Pradesh,Kangra,886,686
1009,2021-22,Himachal Pradesh,Kullu,900,900
1010,2021-22,Himachal Pradesh,Lahul And Spiti,1508,1162
1011,2021-22,Himachal Pradesh,Mandi,820,820
1012,2021-22,Himachal Pradesh,Shimla,900,660
1013,2021-22,Himachal Pradesh,Sirmaur,900,660
1014,2021-22,Himachal Pradesh,Solan,900,200
1015,2021-22,Himachal Pradesh,Una,900,320
1016,2021-22,Jammu And Kashmir,Baramulla,0,0
1017,2021-22,Jammu And Kashmir,Jammu,954,198
1018,2021-22,Jammu And Kashmir,Kupwara,1442,1387
1019,2021-22,Jharkhand,Bokaro,1800,1800
1020,2021-22,Jharkhand,Dumka,180,180
1021,2021-22,Jharkhand,Garhwa,100,100
1022,2021-22,Jharkhand,Giridih,0,0
1023,2021-22,Jharkhand,Gumla,420,420
1024,2021-22,Jharkhand,Hazaribagh,1800,1799
1025,2021-22,Jharkhand,Khunti,200,200
1026,2021-22,Jharkhand,Latehar,900,900
1027,2021-22,Jharkhand,Pakur,900,900
1028,2021-22,Jharkhand,Palamu,900,860
1029,2021-22,Jharkhand,Ramgarh,900,900
1030,2021-22,Jharkhand,Ranchi,1379,1379
1031,2021-22,Jharkhand,Simdega,486,412
1032,2021-22,Karnataka,Bagalkote,1792,1792
1033,2021-22,Karnataka,Bengaluru Urban,1680,1680
1034,2021-22,Karnataka,Bidar,900,900
1035,2021-22,Karnataka,Chitradurga,900,620
1036,2021-22,Karnataka,Davangere,1800,1800
1037,2021-22,Karnataka,Kalaburagi,1800,1800
1038,2021-22,Karnataka,Uttara Kannada,1787,1787
1039,2021-22,Karnataka,Mysuru,1800,1760
1040,2021-22,Karnataka,Raichur,1797,1794
1041,2021-22,Karnataka,Shivamogga,1800,1800
1042,2021-22,Karnataka,Tumakuru,1799,1799
1043,2021-22,Karnataka,Yadgir,900,900
1044,2021-22,Kerala,Ernakulam,1800,1800
1045,2021-22,Kerala,Idukki,1799,1799
1046,2021-22,Kerala,Kollam,1800,1800
1047,2021-22,Kerala,Kottayam,1800,1800
1048,2021-22,Kerala,Malappuram,1800,1800
1049,2021-22,Kerala,Palakkad,1800,1800
1050,2021-22,Kerala,Pathanamthitta,1789,1789
1051,2021-22,Kerala,Thiruvananthapuram,1800,1800
1052,2021-22,Kerala,Thrissur,1760,1740
1053,2021-22,Ladakh,Kargil,0,0
1054,2021-22,Ladakh,Leh Ladakh,0,0
1055,2021-22,Lakshadweep,Lakshadweep District,0,0
1056,2021-22,Madhya Pradesh,Bhind,1799,1779
1057,2021-22,Madhya Pradesh,Bhopal,1799,1796
1058,2021-22,Madhya Pradesh,Bhopal,0,0
1059,2021-22,Madhya Pradesh,Chhatarpur,1800,1793
1060,2021-22,Madhya Pradesh,Damoh,1800,1800
1061,2021-22,Madhya Pradesh,Datia,1799,1783
1062,2021-22,Madhya Pradesh,Dewas,1800,1800
1063,2021-22,Madhya Pradesh,Dhar,1800,1780
1064,2021-22,Madhya Pradesh,Dindori,1800,1180
1065,2021-22,Madhya Pradesh,Guna,1680,1240
1066,2021-22,Madhya Pradesh,Gwalior,1794,1791
1067,2021-22,Madhya Pradesh,Hoshangabad,2000,1914
1068,2021-22,Madhya Pradesh,Indore,1763,1741
1069,2021-22,Madhya Pradesh,Katni,1800,1795
1070,2021-22,Madhya Pradesh,East Nimar,1800,1800
1071,2021-22,Madhya Pradesh,Mandla,1800,1798
1072,2021-22,Madhya Pradesh,Morena,1800,1796
1073,2021-22,Madhya Pradesh,Narsinghpur,1800,1798
1074,2021-22,Madhya Pradesh,Raisen,1800,1800
1075,2021-22,Madhya Pradesh,Ratlam,1800,1800
1076,2021-22,Madhya Pradesh,Rewa,1798,1798
1077,2021-22,Madhya Pradesh,Sagar,1800,1800
1078,2021-22,Madhya Pradesh,Satna,1800,1800
1079,2021-22,Madhya Pradesh,Sehore,1800,1800
1080,2021-22,Madhya Pradesh,Shajapur,1800,1792
1081,2021-22,Madhya Pradesh,Sheopur,1800,1800
1082,2021-22,Madhya Pradesh,Sidhi,1798,1798
1083,2021-22,Madhya Pradesh,Tikamgarh,1800,1800
1084,2021-22,Madhya Pradesh,Ujjain,1800,1800
1085,2021-22,Madhya Pradesh,Umaria,1800,1796
1086,2021-22,Maharashtra,Ahmednagar,1782,1779
1087,2021-22,Maharashtra,Akola,1776,1774
1088,2021-22,Maharashtra,Aurangabad,1795,1795
1089,2021-22,Maharashtra,Beed,1797,1797
1090,2021-22,Maharashtra,Buldhana,1797,1717
1091,2021-22,Maharashtra,Chandrapur,1800,1800
1092,2021-22,Maharashtra,Chandrapur,1800,1800
1093,2021-22,Maharashtra,Mumbai,1800,1800
1094,2021-22,Maharashtra,Dhule,1800,1800
1095,2021-22,Maharashtra,Gadchiroli,900,840
1096,2021-22,Maharashtra,Gondia,1800,1800
1097,2021-22,Maharashtra,Jalgaon,1800,1800
1098,2021-22,Maharashtra,Latur,1800,1800
1099,2021-22,Maharashtra,Nandurbar,1800,1800
1100,2021-22,Maharashtra,Nandurbar,1773,1772
1101,2021-22,Maharashtra,Nashik,1791,1791
1102,2021-22,Maharashtra,Pune,1747,1747
1103,2021-22,Maharashtra,Raigad,1800,1800
1104,2021-22,Maharashtra,Ratnagiri,0,0
1105,2021-22,Maharashtra,Sindhudurg,1800,1760
1106,2021-22,Maharashtra,Washim,1732,363
1107,2021-22,Maharashtra,Mumbai,1795,1795
1108,2021-22,Maharashtra,Yavatmal,1797,1717
1109,2021-22,Manipur,Chandel,900,900
1110,2021-22,Manipur,Imphal West,1807,1647
1111,2021-22,Manipur,Senapati,1800,1779
1112,2021-22,Manipur,Thoubal,1799,1799
1113,2021-22,Meghalaya,East Khasi Hills,0,0
1114,2021-22,Mizoram,Mamit,900,840
1115,2021-22,Nagaland,Dimapur,1800,1778
1116,2021-22,Nagaland,Kiphire,25,0
1117,2021-22,Odisha,Anugul,1800,1740
1118,2021-22,Odisha,Balangir,1800,1795
1119,2021-22,Odisha,Baleshwar,1800,1780
1120,2021-22,Odisha,Bargarh,900,800
1121,2021-22,Odisha,Bhadrak,1800,1800
1122,2021-22,Odisha,Khordha,1800,1800
1123,2021-22,Odisha,Boudh,900,900
1124,2021-22,Odisha,Cuttack,1799,1799
1125,2021-22,Odisha,Deogarh,1799,1799
1126,2021-22,Odisha,Dhenkanal,1800,1800
1127,2021-22,Odisha,Gajapati,900,900
1128,2021-22,Odisha,Ganjam,900,900
1129,2021-22,Odisha,Jagatsinghapur,1800,1800
1130,2021-22,Odisha,Jajapur,1800,1800
1131,2021-22,Odisha,Kalahandi,900,900
1132,2021-22,Odisha,Kandhamal,900,900
1133,2021-22,Odisha,Kendrapara,900,900
1134,2021-22,Odisha,Kendujhar,1782,1782
1135,2021-22,Odisha,Koraput,1800,1800
1136,2021-22,Odisha,Malkangiri,900,100
1137,2021-22,Odisha,Mayurbhanj,160,117
1138,2021-22,Odisha,Nabarangpur,900,420
1139,2021-22,Odisha,Nayagarh,900,900
1140,2021-22,Odisha,Nuapada,1799,1799
1141,2021-22,Odisha,Puri,1800,1800
1142,2021-22,Odisha,Rayagada,898,898
1143,2021-22,Odisha,Sundargarh,1800,1796
1144,2021-22,Odisha,Sambalpur,1800,1380
1145,2021-22,Odisha,Sonepur,1800,1800
1146,2021-22,Punjab,Ludhiana,1789,1789
1147,2021-22,Punjab,S.A.S Nagar,1778,1778
1148,2021-22,Rajasthan,Ajmer,1652,1652
1149,2021-22,Rajasthan,Barmer,900,900
1150,2021-22,Rajasthan,Bikaner,1800,1799
1151,2021-22,Rajasthan,Jaipur,1792,1792
1152,2021-22,Rajasthan,Jaisalmer,900,900
1153,2021-22,Rajasthan,Jhalawar,1800,1800
1154,2021-22,Rajasthan,Kota,1799,1754
1155,2021-22,Rajasthan,Sikar,1800,1800
1156,2021-22,Tamil Nadu,Coimbatore,0,0
1157,2021-22,Tamil Nadu,Kanchipuram,1781,1781
1158,2021-22,Tamil Nadu,Madurai,1800,1798
1159,2021-22,Tamil Nadu,Nagapattinam,1800,1760
1160,2021-22,Tamil Nadu,Namakkal,1800,1798
1161,2021-22,Tamil Nadu,Sivaganga,1682,1630
1162,2021-22,Tamil Nadu,Thiruvarur,1800,1800
1163,2021-22,Tamil Nadu,Tiruchirappalli,1800,1800
1164,2021-22,Tamil Nadu,Virudhunagar,1595,1582
1165,2021-22,Telangana,Adilabad,1800,1800
1166,2021-22,Telangana,Hyderabad,1400,1400
1167,2021-22,Telangana,Khammam,1800,1800
1168,2021-22,Telangana,Mahabubnagar,1800,1800
1169,2021-22,Telangana,Nalgonda,0,0
1170,2021-22,Telangana,Ranga Reddy,1800,1800
1171,2021-22,Telangana,Hanumakonda,1798,1779
1172,2021-22,Tripura,West Tripura,1710,1710
1173,2021-22,Tripura,Dhalai,900,900
1174,2021-22,Uttar Pradesh,Agra,1800,1800
1175,2021-22,Uttar Pradesh,Aligarh,1800,1780
1176,2021-22,Uttar Pradesh,Prayagraj,1793,1793
1177,2021-22,Uttar Pradesh,Prayagraj,1800,1800
1178,2021-22,Uttar Pradesh,Ambedkar Nagar,1800,1798
1179,2021-22,Uttar Pradesh,Amethi,1800,1800
1180,2021-22,Uttar Pradesh,Azamgarh,1800,1800
1181,2021-22,Uttar Pradesh,Bahraich,1800,1797
1182,2021-22,Uttar Pradesh,Ballia,1800,1800
1183,2021-22,Uttar Pradesh,Banda,1799,1799
1184,2021-22,Uttar Pradesh,Barabanki,1800,1800
1185,2021-22,Uttar Pradesh,Bareilly,1790,1790
1186,2021-22,Uttar Pradesh,Basti,1799,1798
1187,2021-22,Uttar Pradesh,Bhadohi,1800,1800
1188,2021-22,Uttar Pradesh,Chandauli,1800,1787
1189,2021-22,Uttar Pradesh,Chitrakoot,1800,1799
1190,2021-22,Uttar Pradesh,Deoria,1800,1800
1191,2021-22,Uttar Pradesh,Etawah,1800,1800
1192,2021-22,Uttar Pradesh,Ayodhya,1735,1735
1193,2021-22,Uttar Pradesh,Farrukhabad,1798,1798
1194,2021-22,Uttar Pradesh,Fatehpur,1800,1800
1195,2021-22,Uttar Pradesh,Firozabad,1800,1800
1196,2021-22,Uttar Pradesh,Gautam Buddha Nagar,1800,1760
1197,2021-22,Uttar Pradesh,Ghaziabad,1800,1792
1198,2021-22,Uttar Pradesh,Gonda,1800,1800
1199,2021-22,Uttar Pradesh,Gorakhpur,1800,1800
1200,2021-22,Uttar Pradesh,Hardoi,1800,1800
1201,2021-22,Uttar Pradesh,Jalaun,1800,1800
1202,2021-22,Uttar Pradesh,Jaunpur,1800,1795
1203,2021-22,Uttar Pradesh,Amroha,0,0
1204,2021-22,Uttar Pradesh,Kanpur Nagar,1768,1508
1205,2021-22,Uttar Pradesh,Kanpur Dehat,1799,1739
1206,2021-22,Uttar Pradesh,Kaushambi,1800,1800
1207,2021-22,Uttar Pradesh,Kheri,1800,1800
1208,2021-22,Uttar Pradesh,Lucknow,1800,1800
1209,2021-22,Uttar Pradesh,Lucknow,1799,1797
1210,2021-22,Uttar Pradesh,Mau,1790,1790
1211,2021-22,Uttar Pradesh,Mirzapur,1794,1794
1212,2021-22,Uttar Pradesh,Pilibhit,1799,1799
1213,2021-22,Uttar Pradesh,Pratapgarh,1800,1800
1214,2021-22,Uttar Pradesh,Rae Bareli,1799,1799
1215,2021-22,Uttar Pradesh,Saharanpur,1800,1800
1216,2021-22,Uttar Pradesh,Shahjahanpur,1780,1780
1217,2021-22,Uttar Pradesh,Shravasti,1800,1800
1218,2021-22,Uttar Pradesh,Siddharth Nagar,1797,1797
1219,2021-22,Uttar Pradesh,Sitapur,620,620
1220,2021-22,Uttar Pradesh,Sonbhadra,1800,1800
1221,2021-22,Uttar Pradesh,Sultanpur,1798,1798
1222,2021-22,Uttar Pradesh,Unnao,1800,1780
1223,2021-22,Uttar Pradesh,Varanasi,1800,1800
1224,2021-22,Uttar Pradesh,Varanasi,1799,1799
1225,2021-22,Uttarakhand,Almora,1768,1768
1226,2021-22,Uttarakhand,Bageshwar,1791,1791
1227,2021-22,Uttarakhand,Nainital,1800,1800
1228,2021-22,Uttarakhand,Chamoli,1794,1417
1229,2021-22,Uttarakhand,Dehradun,1800,1800
1230,2021-22,Uttarakhand,Pithoragarh,900,665
1231,2021-22,Uttarakhand,Tehri Garhwal,1800,1800
1232,2021-22,Uttarakhand,Uttar Kashi,900,380
1233,2021-22,West Bengal,Bankura,1795,1773
1234,2021-22,West Bengal,Howrah,1790,1790
1235,2021-22,West Bengal,Jalpaiguri,1787,1787
1236,2021-22,West Bengal,24 Paraganas South,1733,1733
1237,2021-22,West Bengal,24 Paraganas North,1800,1779
1238,2021-22,West Bengal,Medinipur West,1377,1357
1239,2021-22,West Bengal,Medinipur East,1786,1783
1240,2021-22,West Bengal,Purulia,1800,1800
